
<!DOCTYPE beans PUBLIC "-//SPRING//DTD BEAN 2.0//EN"
		"http://www.springframework.org/dtd/spring-beans-2.0.dtd">

<beans>

     
	<bean name="tb" class=" com.test.bean.TestBean"></bean>

	
	
	<bean name="emp" class=" com.test.bean.Employee">
    <property name="empNo" value="102"></property>
     <property name="empNmae" value="Ram"></property>
      <property name="empMobileNo" value="9565475768"></property>
       <property name="empEmail" value="ram@gmail.com"></property>
 
    
	</bean>
	
	
</beans>